open,high,low,close,volume
1.0762,1.0764,1.0762,1.07632,39
1.0763,1.0764,1.0761,1.07634,44
1.07633,1.07634,1.0761,1.07633,60
1.07633,1.07635,1.0761,1.07634,38
1.07633,1.07635,1.0762,1.07634,33
